"model","log-likelihood","resid. df","BIC","ABIC","cAIC","likelihood-ratio","Entropy","Class1","Class2","Class3","Class4","Class5"
"model 1",-7967.34173531419,678,16290.8556183823,16119.3880513348,16344.8556183823,7179.20589164679,"-","1","-","-","-","-"
"model 2",-7356.54275864579,623,15432.0255933134,15085.9151339026,15541.0255933134,5957.60793830999,"0.859","0.49","0.51","-","-","-"
"model 3",-7071.69266803374,568,15225.0933403571,14704.3399885832,15389.0933403571,5387.90775708588,"0.85","0.184","0.382","0.434","-","-"
"model 4",-6920.06952435507,513,15284.6149812677,14589.2187371305,15503.6149812677,5084.66146972854,"0.836","0.101","0.436","0.1","0.363","-"
"model 5",-6825.99338625098,458,15459.2306333274,14589.191496827,15733.2306333274,4896.50919352037,"0.755","0.422","0.066","0.066","0.365","0.081"
