"model","log-likelihood","resid. df","BIC","ABIC","cAIC","likelihood-ratio","Entropy","Class1","Class2","Class3","Class4","Class5"
"model 1",-10890.8407926638,902,22152.2705126323,21980.7684584992,22206.2705126323,9333.92922809534,"-","1","-","-","-","-"
"model 2",-10252.4546911113,847,21252.9499947452,20906.7699225135,21361.9499947452,8057.15702499038,"0.831","0.536","0.464","-","-","-"
"model 3",-10020.0115659859,792,21165.5154297123,20644.657339382,21329.5154297123,7592.2707747397,"0.8","0.285","0.356","0.36","-","-"
"model 4",-9877.04826156972,737,21257.0405060977,20561.5043976689,21476.0405060977,7306.34416590726,"0.808","0.249","0.287","0.127","0.336","-"
"model 5",-9775.909441709,682,21432.2145515941,20562.0004250667,21706.2145515941,7104.06652618582,"0.766","0.338","0.312","0.065","0.096","0.19"
