"model","log-likelihood","resid. df","BIC","ABIC","cAIC","likelihood-ratio","Entropy","Class1","Class2","Class3","Class4","Class5"
"model 1",-8275.11790588241,672,16905.9635125654,16734.4971615287,16959.9635125654,7331.35449642602,"-","1","-","-","-","-"
"model 2",-7779.35729682324,617,16276.7575452624,15930.649540392,16385.7575452624,6339.83327830768,"0.828","0.467","0.533","-","-","-"
"model 3",-7616.19846631297,562,16312.7551350572,15792.0054763531,16476.7551350572,6013.51561728713,"0.811","0.423","0.2","0.377","-","-"
"model 4",-7509.21317833991,507,16461.0998099265,15765.7084973887,16680.0998099265,5799.54504134101,"0.774","0.194","0.328","0.073","0.404","-"
"model 5",-7430.27372575365,452,16665.5361555693,15795.5031891978,16939.5361555693,5641.66613616849,"0.777","0.194","0.062","0.174","0.256","0.314"
