"model","log-likelihood","resid. df","BIC","ABIC","cAIC","likelihood-ratio","Entropy","Class1","Class2","Class3","Class4","Class5"
"model 1",-12782.7536447206,1128,25947.5553021313,25776.0316886363,26001.5553021313,10573.4313241852,"-","1","-","-","-","-"
"model 2",-11835.8807427769,1073,24442.9324741321,24096.7088839292,24551.9324741321,8679.68552029788,"0.867","0.677","0.323","-","-","-"
"model 3",-11447.5249590714,1018,24055.3438826092,23534.4203156985,24219.3438826092,7902.9739528869,"0.888","0.607","0.103","0.29","-","-"
"model 4",-11275.5877858559,963,24100.5925120664,23404.9689684478,24319.5925120664,7559.0996064559,"0.786","0.402","0.25","0.249","0.099","-"
"model 5",-11109.942088759,908,24158.4240937608,23288.1005734344,24432.4240937608,7227.80821226216,"0.887","0.24","0.127","0.052","0.494","0.087"
