"model","log-likelihood","resid. df","BIC","ABIC","cAIC","likelihood-ratio","Entropy","Class1","Class2","Class3","Class4","Class5"
"model 1",-12782.7536447206,1128,25947.5553021313,25776.0316886363,26001.5553021313,10573.4313241852,"-","1","-","-","-","-"
"model 2",-11835.8807427769,1073,24442.9324741321,24096.7088839293,24551.9324741321,8679.68552029789,"0.867","0.677","0.323","-","-","-"
"model 3",-11447.5249590715,1018,24055.3438826094,23534.4203156987,24219.3438826094,7902.9739528871,"0.897","0.607","0.29","0.103","-","-"
"model 4",-11275.587785856,963,24100.5925120665,23404.968968448,24319.5925120665,7559.09960645607,"0.782","0.249","0.402","0.25","0.099","-"
"model 5",-11109.3192778688,908,24157.1784719803,23286.8549516539,24431.1784719803,7226.56259048168,"0.857","0.087","0.491","0.243","0.049","0.129"
