"model","log-likelihood","resid. df","BIC","ABIC","cAIC","likelihood-ratio","Entropy","Class1","Class2","Class3","Class4","Class5"
"model 1",-12782.7536447206,1128,25947.5553021313,25776.0316886363,26001.5553021313,10573.4313241852,"-","1","-","-","-","-"
"model 2",-11835.8807427769,1073,24442.9324741321,24096.7088839292,24551.9324741321,8679.68552029789,"0.867","0.677","0.323","-","-","-"
"model 3",-11447.5249590715,1018,24055.3438826095,23534.4203156988,24219.3438826095,7902.97395288714,"0.896","0.29","0.607","0.103","-","-"
"model 4",-11276.551849402,963,24102.5206391587,23406.8970955401,24321.5206391587,7561.02773354819,"0.811","0.417","0.099","0.224","0.26","-"
"model 5",-11109.9899127709,908,24158.5197417846,23288.1962214582,24432.5197417846,7227.90386028598,"0.842","0.492","0.24","0.129","0.052","0.087"
