"model","log-likelihood","resid. df","BIC","ABIC","cAIC","likelihood-ratio","Entropy","Class1","Class2","Class3","Class4","Class5"
"model 1",-8873.44614613468,784,18110.3672696954,17938.8810875898,18164.3672696954,7279.06778339602,"-","1","-","-","-","-"
"model 2",-8327.79230257486,729,17389.2655781023,17043.1175438521,17498.2655781023,6187.76009627638,"0.818","0.478","0.522","-","-","-"
"model 3",-8142.22061980603,674,17388.3282080911,16867.5183216963,17552.3282080911,5816.61673073873,"0.811","0.308","0.222","0.47","-","-"
"model 4",-8027.82027157131,619,17529.7335071482,16834.2617686088,17748.7335071482,5587.81603426928,"0.808","0.192","0.129","0.466","0.213","-"
"model 5",-7930.95412088774,564,17706.2072013076,16836.0736106236,17980.2072013076,5394.08373290214,"0.62","0.187","0.102","0.194","0.131","0.386"
