"model","log-likelihood","resid. df","BIC","ABIC","cAIC","likelihood-ratio","Entropy","Class1","Class2","Class3","Class4","Class5"
"model 1",-10253.1612040986,857,20874.3077246493,20702.8112389106,20928.3077246493,8470.41915950063,"-","1","-","-","-","-"
"model 2",-9773.18069932534,802,20289.146574452,19942.9777421276,20398.146574452,7510.45814995409,"0.762","0.511","0.489","-","-","-"
"model 3",-9567.72800091103,747,20253.0410369727,19732.1998580626,20417.0410369727,7099.55275312547,"0.759","0.363","0.304","0.334","-","-"
"model 4",-9448.74706435586,692,20389.8790232116,19694.3654977158,20608.8790232116,6861.59088001512,"0.72","0.21","0.333","0.311","0.146","-"
"model 5",-9378.14067317899,637,20623.4661002072,19753.2802281257,20897.4661002072,6720.37809766139,"0.7","0.266","0.188","0.14","0.265","0.142"
