"model","log-likelihood","resid. df","BIC","ABIC","cAIC","likelihood-ratio","Entropy","Class1","Class2","Class3","Class4","Class5"
"model 1",-12782.7536447206,1128,25947.5553021313,25776.0316886363,26001.5553021313,10573.4313241852,"-","1","-","-","-","-"
"model 2",-11835.8807427769,1073,24442.9324741321,24096.7088839293,24551.9324741321,8679.68552029791,"0.867","0.323","0.677","-","-","-"
"model 3",-11447.5249590715,1018,24055.3438826094,23534.4203156988,24219.3438826094,7902.97395288712,"0.895","0.29","0.607","0.103","-","-"
"model 4",-11275.587785856,963,24100.5925120665,23404.9689684479,24319.5925120665,7559.09960645603,"0.782","0.249","0.25","0.099","0.402","-"
"model 5",-11109.6013547512,908,24157.742625745,23287.4191054186,24431.742625745,7227.12674424642,"0.868","0.128","0.049","0.245","0.489","0.09"
